{
    "$schema": "https://schema.management.azure.com/schemas/2015-01-01/deploymentTemplate.json#",
    "contentVersion": "1.0.0.0",
    "parameters": {
        "authType" :{
            "type" : "string"
        },
        "hereAPP_ID": {
            "type": "string",
            "defaultValue": ""
        },
        "hereAPP_CODE": {
            "type": "string",
            "defaultValue": ""
        },
        "hereAPI_KEY": {
            "type": "string",
            "defaultValue": ""
        },
        "storageAccountType": {
            "type": "string"
        },
        "storageName": {
            "type": "string"
        },
        "storageAccountNewOrExisting": {
            "type": "string"
        },
        "storageAccountExistingRG": {
            "type": "string"
        },
        "location": {
            "type": "string"
        }

    },
    "variables": {
        "nestedTemplateUri": "[uri(deployment().properties.templateLink.uri, 'nestedtemplates/azuredeploy.json')]",
        "functionZipPackageUrl": "[uri(deployment().properties.templateLink.uri, 'deployables/hlsTemplateWebAppBackend.zip')]"

    },
    "resources": [{
        "type": "Microsoft.Resources/deployments",
        "apiVersion": "2018-02-01",
        "name": "pid-42755d19-4ad3-5fc0-a887-72ea2006a990",
        "properties": {
            "mode": "Incremental",
            "templateLink": {
                "contentVersion": "1.0.0.0",
                "uri": "[variables('nestedTemplateUri')]"
            },
            "parameters": {
                "authType" :{
                    "value": "[parameters('authType')]"
                },
                "hereAPP_ID": {
                    "value": "[parameters('hereAPP_ID')]"
                },
                "hereAPP_CODE": {
                    "value": "[parameters('hereAPP_CODE')]"
                },
                "hereAPI_KEY": {
                    "value": "[parameters('hereAPI_KEY')]"
                },
                "storageAccountType": {
                    "value": "[parameters('storageAccountType')]"
                },
                "storageName": {
                    "value": "[parameters('storageName')]"
                },
                "storageAccountNewOrExisting": {
                    "value": "[parameters('storageAccountNewOrExisting')]"
                },
                "storageAccountExistingRG": {
                    "value": "[parameters('storageAccountExistingRG')]"
                },
                "functionZipPackageUrl": {
                    "value": "[variables('functionZipPackageUrl')]"
                },
                "location": {
                    "value": "[parameters('location')]"
                }
            }
        }
    }],
    "outputs": {
        "ServiceBusName": {
            "type": "string",
            "value": "[reference('pid-42755d19-4ad3-5fc0-a887-72ea2006a990').outputs.ServiceBusName.value]"
        },
        "CosmosDBName": {
            "type": "string",
            "value": "[reference('pid-42755d19-4ad3-5fc0-a887-72ea2006a990').outputs.CosmosDBName.value]"
        },
        "StorageName": {
            "type": "string",
            "value": "[reference('pid-42755d19-4ad3-5fc0-a887-72ea2006a990').outputs.StorageName.value]"
        }
    }
}
