{
    "$schema": "https://schema.management.azure.com/schemas/2018-05-01/deploymentTemplate.json#",
    "contentVersion": "1.0.0.0",
    "parameters": {
        "hereAPI_KEY": {
            "type": "String"
        },
        "StorageAccountNewOrExisting": {
            "allowedValues": [
                "new",
                "existing"
            ],
            "type": "String"
        },
        "storageAccountExistingRG": {
            "type": "String"
        },
        "storageAccountType": {
            "allowedValues": [
                "Standard_LRS",
                "Standard_GRS",
                "Standard_RAGRS",
                "Standard_ZRS",
                "Premium_LRS",
                "Premium_ZRS"
            ],
            "type": "String"
        },
        "storageName": {
            "type": "String"
        },
        "location": {
            "type": "String"
        },
        "functionZipPackageUrl": {
            "type": "String"
        }
    },
    "variables": {
        "functionAppName1": "[concat('app1', uniqueString(resourceGroup().id))]",
        "functionAppName2": "[concat('app2', uniqueString(resourceGroup().id))]"
    },
    "resources": [
        {
            "type": "Microsoft.Storage/storageAccounts",
            "apiVersion": "2018-11-01",
            "name": "[parameters('storageName')]",
            "location": "[parameters('location')]",
            "sku": {
                "name": "[parameters('storageAccountType')]"
            },
            "properties": {
                "name": "[parameters('storageAccountType')]"
            },
            "condition": "[equals(parameters('StorageAccountNewOrExisting'),'new')]"
        },
        {
            "type": "Microsoft.Web/sites",
            "apiVersion": "2018-11-01",
            "name": "[variables('functionAppName1')]",
            "location": "[parameters('location')]",
            "dependsOn": [
                "[resourceId('Microsoft.Storage/storageAccounts', parameters('storageName'))]"
            ],
            "kind": "functionapp",
            "properties": {
                "name": "[variables('functionAppName1')]",
                "siteConfig": {
                    "cors": {
                        "allowedOrigins": [
                            "*"
                        ]
                    },
                    "appSettings": [
                        {
                            "name": "AzureWebJobsDashboard",
                            "value": "[concat('DefaultEndpointsProtocol=https;AccountName=',parameters('storageName'),';AccountKey=',listKeys(resourceId(subscription().subscriptionId,parameters('storageAccountExistingRG'),'Microsoft.Storage/storageAccounts', parameters('storageName')), '2018-11-01').keys[0].value)]"
                        },
                        {
                            "name": "AzureWebJobsStorage",
                            "value": "[concat('DefaultEndpointsProtocol=https;AccountName=',parameters('storageName'),';AccountKey=',listKeys(resourceId(subscription().subscriptionId,parameters('storageAccountExistingRG'),'Microsoft.Storage/storageAccounts', parameters('storageName')), '2018-11-01').keys[0].value)]"
                        },
                        {
                            "name": "FUNCTIONS_EXTENSION_VERSION",
                            "value": "~2"
                        },
                        {
                            "name": "WEBSITE_CONTENTAZUREFILECONNECTIONSTRING",
                            "value": "[concat('DefaultEndpointsProtocol=https;AccountName=',parameters('storageName'),';AccountKey=',listKeys(resourceId(subscription().subscriptionId,parameters('storageAccountExistingRG'),'Microsoft.Storage/storageAccounts', parameters('storageName')), '2018-11-01').keys[0].value)]"
                        },
                        {
                            "name": "WEBSITE_CONTENTSHARE",
                            "value": "[concat(toLower(variables('functionAppName1')))]"
                        },
                        {
                            "name": "WEBSITE_NODE_DEFAULT_VERSION",
                            "value": "10.14.1"
                        },
                        {
                            "name": "HERE_API_KEY",
                            "value": "[parameters('hereAPI_KEY')]"
                        }
                    ]
                },
                "clientAffinityEnabled": false
            },
            "resources": [
                {
                    "type": "extensions",
                    "apiVersion": "2018-11-01",
                    "name": "MSDeploy",
                    "dependsOn": [
                        "[resourceId('Microsoft.Web/Sites', variables('functionAppName1'))]"
                    ],
                    "properties": {
                        "packageUri": "[parameters('functionZipPackageUrl')]"
                    },
                    "condition": "[equals(parameters('StorageAccountNewOrExisting'),'new')]"
                }
            ],
            "condition": "[equals(parameters('StorageAccountNewOrExisting'),'new')]"
        },
        {
            "type": "Microsoft.Web/sites",
            "apiVersion": "2018-11-01",
            "name": "[variables('functionAppName2')]",
            "location": "[parameters('location')]",
            "kind": "functionapp",
            "properties": {
                "name": "[variables('functionAppName2')]",
                "siteConfig": {
                    "cors": {
                        "allowedOrigins": [
                            "*"
                        ]
                    },
                    "appSettings": [
                        {
                            "name": "AzureWebJobsDashboard",
                            "value": "[concat('DefaultEndpointsProtocol=https;AccountName=',parameters('storageName'),';AccountKey=',listKeys(resourceId(subscription().subscriptionId,parameters('storageAccountExistingRG'),'Microsoft.Storage/storageAccounts', parameters('storageName')), '2018-11-01').keys[0].value)]"
                        },
                        {
                            "name": "AzureWebJobsStorage",
                            "value": "[concat('DefaultEndpointsProtocol=https;AccountName=',parameters('storageName'),';AccountKey=',listKeys(resourceId(subscription().subscriptionId,parameters('storageAccountExistingRG'),'Microsoft.Storage/storageAccounts', parameters('storageName')), '2018-11-01').keys[0].value)]"
                        },
                        {
                            "name": "FUNCTIONS_EXTENSION_VERSION",
                            "value": "~2"
                        },
                        {
                            "name": "WEBSITE_CONTENTAZUREFILECONNECTIONSTRING",
                            "value": "[concat('DefaultEndpointsProtocol=https;AccountName=',parameters('storageName'),';AccountKey=',listKeys(resourceId(subscription().subscriptionId,parameters('storageAccountExistingRG'),'Microsoft.Storage/storageAccounts', parameters('storageName')), '2018-11-01').keys[0].value)]"
                        },
                        {
                            "name": "WEBSITE_CONTENTSHARE",
                            "value": "[concat(toLower(variables('functionAppName2')))]"
                        },
                        {
                            "name": "WEBSITE_NODE_DEFAULT_VERSION",
                            "value": "10.14.1"
                        },
                        {
                            "name": "HERE_API_KEY",
                            "value": "[parameters('hereAPI_KEY')]"
                        }
                    ]
                },
                "clientAffinityEnabled": false
            },
            "resources": [
                {
                    "type": "extensions",
                    "apiVersion": "2018-11-01",
                    "name": "MSDeploy",
                    "dependsOn": [
                        "[resourceId('Microsoft.Web/Sites', variables('functionAppName2'))]"
                    ],
                    "properties": {
                        "packageUri": "[parameters('functionZipPackageUrl')]"
                    },
                    "condition": "[equals(parameters('StorageAccountNewOrExisting'),'existing')]"
                }
            ],
            "condition": "[equals(parameters('StorageAccountNewOrExisting'),'existing')]"
        }
    ]
}