{
  "$schema": "https://schema.management.azure.com/schemas/0.1.2-preview/CreateUIDefinition.MultiVm.json#",
  "handler": "Microsoft.Azure.CreateUIDef",
  "version": "0.1.2-preview",
  "parameters": {
    "basics": [],
    "steps": [{
      "name": "hereConfig",
      "label": "HERE Configuration",
      "subLabel": {
        "preValidation": "Configure HERE credentials, storage",
        "postValidation": "Done"
      },
      "bladeTitle": "HERE Configuration",
      "elements": [{
          "name": "text1",
          "type": "Microsoft.Common.InfoBox",
          "options": {
            "icon": "Info",
            "text": "Get your HERE API Key by Signing-up for FREE at https://developer.here.com",
            "uri": "https://developer.here.com/ref/azure_marketplace_hlsfuntions?create=Freemium-Basic"
          }
        },
        {
          "name": "hereAPI_KEY",
          "type": "Microsoft.Common.TextBox",
          "label": "HERE API Key",
          "toolTip": "HERE API Key (https://developer.here.com/faqs#access-control)",
          "constraints": {
            "required": true
          }
        },
        {
          "name": "storageConfig",
          "type": "Microsoft.Storage.StorageAccountSelector",
          "label": "Storage account",
          "toolTip": "",
          "defaultValue": {
            "name": "[concat('storage', skip( replace( guid(),  '-', ''), 17)) ]",
            "type": "Standard_LRS"
          },
          "constraints": {
            "allowedTypes": [
              "Standard_LRS",
              "Standard_GRS",
              "Standard_RAGRS",
              "Standard_ZRS",
              "Premium_LRS",
              "Premium_ZRS"
            ]
          },
          "options": {
            "hideExisting": false
          },
          "visible": true
        }
      ]
    }],
    "outputs": {
      "location": "[location()]",
      "hereAPI_KEY": "[steps('hereConfig').hereAPI_KEY]",
      "storageName": "[steps('hereConfig').storageConfig.name]",
      "storageAccountType": "[steps('hereConfig').storageConfig.type]",
      "storageAccountNewOrExisting": "[steps('hereConfig').storageConfig.newOrExisting]",
      "storageAccountExistingRG": "[steps('hereConfig').storageConfig.resourceGroup]"
    }
  }
}
